Year,Quarter,Month,City,Index,AVG_PRICE_SQM,MED_PRICE_SQM,P75_PRICE_SQM,P25_PRICE_SQM,Inflation_adjusted,TOM_4Q,Closed_one_week_4Q,Granularity
2012,1.0,1.0,GREIX_NATIONAL,89.23342895507812,8.370000000000001,8.15,9.73,6.78,0,,,monthly
2012,1.0,1.0,GREIX_NATIONAL,93.08868408203125,8.74,8.5,10.15,7.07,1,,,monthly
2012,1.0,2.0,GREIX_NATIONAL,89.99848937988281,8.45,8.22,9.82,6.83,0,,,monthly
2012,1.0,2.0,GREIX_NATIONAL,93.26911926269531,8.75,8.52,10.17,7.08,1,,,monthly
2012,1.0,3.0,GREIX_NATIONAL,90.10714721679688,8.46,8.23,9.83,6.84,0,,,monthly
2012,1.0,3.0,GREIX_NATIONAL,92.87255859375,8.72,8.48,10.13,7.05,1,,,monthly
2012,1.0,,GREIX_NATIONAL,89.88568115234375,8.48,8.25,9.83,6.84,0,,,quarterly
2012,1.0,,GREIX_NATIONAL,93.18682861328125,8.790000000000001,8.56,10.200000000000001,7.09,1,,,quarterly
2012,2.0,4.0,GREIX_NATIONAL,90.99142456054688,8.540000000000001,8.31,9.92,6.91,0,,,monthly
2012,2.0,4.0,GREIX_NATIONAL,93.8863754272461,8.81,8.58,10.24,7.13,1,,,monthly
2012,2.0,5.0,GREIX_NATIONAL,90.98934936523438,8.540000000000001,8.31,9.92,6.91,0,,,monthly
2012,2.0,5.0,GREIX_NATIONAL,93.98683166503906,8.82,8.59,10.25,7.140000000000001,1,,,monthly
2012,2.0,6.0,GREIX_NATIONAL,91.6755599975586,8.6,8.370000000000001,10.0,6.96,0,,,monthly
2012,2.0,6.0,GREIX_NATIONAL,94.79924011230469,8.9,8.66,10.34,7.2,1,,,monthly
2012,2.0,,GREIX_NATIONAL,91.35171508789062,8.620000000000001,8.39,10.0,6.95,0,,,quarterly
2012,2.0,,GREIX_NATIONAL,94.36168670654297,8.9,8.66,10.32,7.18,1,,,quarterly
2012,3.0,7.0,GREIX_NATIONAL,91.37657928466797,8.58,8.35,9.97,6.94,0,,,monthly
2012,3.0,7.0,GREIX_NATIONAL,94.18095397949219,8.84,8.6,10.27,7.15,1,,,monthly
2012,3.0,8.0,GREIX_NATIONAL,91.59185791015625,8.6,8.370000000000001,9.99,6.95,0,,,monthly
2012,3.0,8.0,GREIX_NATIONAL,93.99283599853516,8.82,8.59,10.25,7.140000000000001,1,,,monthly
2012,3.0,9.0,GREIX_NATIONAL,91.67799377441406,8.6,8.370000000000001,10.0,6.96,0,,,monthly
2012,3.0,9.0,GREIX_NATIONAL,93.97919464111328,8.82,8.58,10.25,7.140000000000001,1,,,monthly
2012,3.0,,GREIX_NATIONAL,91.58679962158203,8.64,8.41,10.02,6.97,0,,,quarterly
2012,3.0,,GREIX_NATIONAL,94.09037017822266,8.88,8.64,10.290000000000001,7.16,1,,,quarterly
2012,4.0,10.0,GREIX_NATIONAL,91.5240478515625,8.59,8.36,9.98,6.95,0,,,monthly
2012,4.0,10.0,GREIX_NATIONAL,93.8213882446289,8.81,8.57,10.23,7.12,1,,,monthly
2012,4.0,11.0,GREIX_NATIONAL,91.87848663330078,8.620000000000001,8.39,10.02,6.98,0,,,monthly
2012,4.0,11.0,GREIX_NATIONAL,94.18473052978516,8.84,8.6,10.27,7.15,1,,,monthly
2012,4.0,12.0,GREIX_NATIONAL,92.46162414550781,8.68,8.45,10.09,7.0200000000000005,0,,,monthly
2012,4.0,12.0,GREIX_NATIONAL,94.47509765625,8.870000000000001,8.63,10.31,7.17,1,,,monthly
2012,4.0,,GREIX_NATIONAL,91.99034881591797,8.68,8.45,10.06,7.0,0,39.89802932739258,0.18665239214897156,quarterly
2012,4.0,,GREIX_NATIONAL,94.19776916503906,8.89,8.65,10.31,7.17,1,39.89802932739258,0.18665239214897156,quarterly
2012,,,GREIX_NATIONAL,91.35318083966838,8.75,8.5,10.19,7.05,0,,,annual
2012,,,GREIX_NATIONAL,94.11643059530768,9.02,8.76,10.5,7.26,1,,,annual
2013,1.0,1.0,GREIX_NATIONAL,93.72806549072266,8.8,8.56,10.22,7.12,0,,,monthly
2013,1.0,1.0,GREIX_NATIONAL,96.18505859375,9.03,8.790000000000001,10.49,7.3,1,,,monthly
2013,1.0,2.0,GREIX_NATIONAL,94.14832305908203,8.84,8.6,10.27,7.15,0,,,monthly
2013,1.0,2.0,GREIX_NATIONAL,96.09464263916016,9.02,8.78,10.48,7.3,1,,,monthly
2013,1.0,3.0,GREIX_NATIONAL,93.88225555419922,8.81,8.58,10.24,7.13,0,,,monthly
2013,1.0,3.0,GREIX_NATIONAL,95.41094207763672,8.950000000000001,8.72,10.41,7.24,1,,,monthly
2013,1.0,,GREIX_NATIONAL,93.9931411743164,8.870000000000001,8.63,10.28,7.15,0,43.85737609863281,0.16345606744289398,quarterly
2013,1.0,,GREIX_NATIONAL,95.97134399414062,9.06,8.81,10.5,7.3100000000000005,1,43.85737609863281,0.16345606744289398,quarterly
2013,2.0,4.0,GREIX_NATIONAL,94.50057983398438,8.870000000000001,8.63,10.31,7.18,0,,,monthly
2013,2.0,4.0,GREIX_NATIONAL,96.45418548583984,9.05,8.81,10.52,7.32,1,,,monthly
2013,2.0,5.0,GREIX_NATIONAL,94.74455261230469,8.89,8.65,10.33,7.19,0,,,monthly
2013,2.0,5.0,GREIX_NATIONAL,96.28727722167969,9.040000000000001,8.8,10.5,7.3100000000000005,1,,,monthly
2013,2.0,6.0,GREIX_NATIONAL,95.01667022705078,8.92,8.68,10.36,7.21,0,,,monthly
2013,2.0,6.0,GREIX_NATIONAL,96.4601058959961,9.05,8.81,10.52,7.32,1,,,monthly
2013,2.0,,GREIX_NATIONAL,94.79976654052734,8.950000000000001,8.700000000000001,10.370000000000001,7.22,0,42.63410949707031,0.15816877782344818,quarterly
2013,2.0,,GREIX_NATIONAL,96.44763946533203,9.1,8.86,10.55,7.34,1,42.63410949707031,0.15816877782344818,quarterly
2013,3.0,7.0,GREIX_NATIONAL,94.68452453613281,8.89,8.65,10.33,7.19,0,,,monthly
2013,3.0,7.0,GREIX_NATIONAL,95.71170043945312,8.98,8.74,10.44,7.2700000000000005,1,,,monthly
2013,3.0,8.0,GREIX_NATIONAL,94.84971618652344,8.9,8.66,10.35,7.2,0,,,monthly
2013,3.0,8.0,GREIX_NATIONAL,95.87869262695312,9.0,8.76,10.46,7.28,1,,,monthly
2013,3.0,9.0,GREIX_NATIONAL,95.61314392089844,8.97,8.73,10.43,7.26,0,,,monthly
2013,3.0,9.0,GREIX_NATIONAL,96.65040588378906,9.07,8.83,10.540000000000001,7.34,1,,,monthly
2013,3.0,,GREIX_NATIONAL,95.14403533935547,8.98,8.74,10.41,7.24,0,42.20768356323242,0.1720370054244995,quarterly
2013,3.0,,GREIX_NATIONAL,96.17672729492188,9.08,8.83,10.52,7.32,1,42.20768356323242,0.1720370054244995,quarterly
2013,4.0,10.0,GREIX_NATIONAL,95.56354522705078,8.97,8.73,10.42,7.26,0,,,monthly
2013,4.0,10.0,GREIX_NATIONAL,96.80734252929688,9.09,8.84,10.56,7.3500000000000005,1,,,monthly
2013,4.0,11.0,GREIX_NATIONAL,95.62075805664062,8.97,8.73,10.43,7.26,0,,,monthly
2013,4.0,11.0,GREIX_NATIONAL,96.6581039428711,9.07,8.83,10.540000000000001,7.34,1,,,monthly
2013,4.0,12.0,GREIX_NATIONAL,95.88030242919922,9.0,8.76,10.46,7.28,0,,,monthly
2013,4.0,12.0,GREIX_NATIONAL,96.5075912475586,9.06,8.82,10.53,7.33,1,,,monthly
2013,4.0,,GREIX_NATIONAL,95.72747802734375,9.03,8.790000000000001,10.47,7.29,0,41.48476791381836,0.17077304422855377,quarterly
2013,4.0,,GREIX_NATIONAL,96.69755554199219,9.120000000000001,8.88,10.58,7.36,1,41.48476791381836,0.17077304422855377,quarterly
2013,,,GREIX_NATIONAL,94.83647388932864,9.08,8.83,10.58,7.3100000000000005,0,,,annual
2013,,,GREIX_NATIONAL,96.24509391394011,9.22,8.96,10.73,7.42,1,,,annual
2014,1.0,1.0,GREIX_NATIONAL,95.75492858886719,8.99,8.75,10.44,7.2700000000000005,0,,,monthly
2014,1.0,1.0,GREIX_NATIONAL,97.00120544433594,9.1,8.86,10.58,7.37,1,,,monthly
2014,1.0,2.0,GREIX_NATIONAL,95.73531341552734,8.98,8.75,10.44,7.2700000000000005,0,,,monthly
2014,1.0,2.0,GREIX_NATIONAL,96.46437072753906,9.05,8.81,10.52,7.32,1,,,monthly
2014,1.0,3.0,GREIX_NATIONAL,96.30754852294922,9.040000000000001,8.8,10.5,7.3100000000000005,0,,,monthly
2014,1.0,3.0,GREIX_NATIONAL,96.83448791503906,9.09,8.85,10.56,7.3500000000000005,1,,,monthly
2014,1.0,,GREIX_NATIONAL,95.99502563476562,9.06,8.81,10.5,7.3100000000000005,0,39.780906677246094,0.16670750081539154,quarterly
2014,1.0,,GREIX_NATIONAL,96.82982635498047,9.14,8.89,10.59,7.37,1,39.780906677246094,0.16670750081539154,quarterly
2014,2.0,4.0,GREIX_NATIONAL,96.7132568359375,9.08,8.83,10.55,7.34,0,,,monthly
2014,2.0,4.0,GREIX_NATIONAL,97.34597778320312,9.14,8.89,10.620000000000001,7.390000000000001,1,,,monthly
2014,2.0,5.0,GREIX_NATIONAL,96.7768783569336,9.08,8.84,10.56,7.3500000000000005,0,,,monthly
2014,2.0,5.0,GREIX_NATIONAL,97.51385498046875,9.15,8.91,10.64,7.4,1,,,monthly
2014,2.0,6.0,GREIX_NATIONAL,97.29918670654297,9.13,8.89,10.61,7.390000000000001,0,,,monthly
2014,2.0,6.0,GREIX_NATIONAL,97.83153533935547,9.18,8.94,10.67,7.43,1,,,monthly
2014,2.0,,GREIX_NATIONAL,96.96819305419922,9.15,8.9,10.61,7.38,0,39.14451217651367,0.17320095002651215,quarterly
2014,2.0,,GREIX_NATIONAL,97.60311889648438,9.21,8.96,10.68,7.43,1,39.14451217651367,0.17320095002651215,quarterly
2014,3.0,7.0,GREIX_NATIONAL,97.29820251464844,9.13,8.89,10.61,7.390000000000001,0,,,monthly
2014,3.0,7.0,GREIX_NATIONAL,97.5193099975586,9.15,8.91,10.64,7.4,1,,,monthly
2014,3.0,8.0,GREIX_NATIONAL,97.97083282470703,9.19,8.950000000000001,10.69,7.44,0,,,monthly
2014,3.0,8.0,GREIX_NATIONAL,98.19346618652344,9.22,8.97,10.71,7.46,1,,,monthly
2014,3.0,9.0,GREIX_NATIONAL,98.3162841796875,9.23,8.98,10.72,7.46,0,,,monthly
2014,3.0,9.0,GREIX_NATIONAL,98.53971099853516,9.25,9.0,10.75,7.48,1,,,monthly
2014,3.0,,GREIX_NATIONAL,97.86015319824219,9.23,8.98,10.71,7.45,0,38.33903121948242,0.17301182448863983,quarterly
2014,3.0,,GREIX_NATIONAL,98.08309173583984,9.26,9.01,10.73,7.47,1,38.33903121948242,0.17301182448863983,quarterly
2014,4.0,10.0,GREIX_NATIONAL,97.84410095214844,9.18,8.94,10.67,7.43,0,,,monthly
2014,4.0,10.0,GREIX_NATIONAL,98.27488708496094,9.22,8.98,10.72,7.46,1,,,monthly
2014,4.0,11.0,GREIX_NATIONAL,98.5929183959961,9.25,9.01,10.75,7.49,0,,,monthly
2014,4.0,11.0,GREIX_NATIONAL,99.0270004272461,9.290000000000001,9.05,10.8,7.5200000000000005,1,,,monthly
2014,4.0,12.0,GREIX_NATIONAL,98.98018646240234,9.290000000000001,9.040000000000001,10.8,7.5200000000000005,0,,,monthly
2014,4.0,12.0,GREIX_NATIONAL,99.52171325683594,9.34,9.09,10.86,7.5600000000000005,1,,,monthly
2014,4.0,,GREIX_NATIONAL,98.45023345947266,9.290000000000001,9.040000000000001,10.77,7.49,0,36.630035400390625,0.1860804557800293,quarterly
2014,4.0,,GREIX_NATIONAL,98.9192886352539,9.33,9.08,10.82,7.53,1,36.630035400390625,0.1860804557800293,quarterly
2014,,,GREIX_NATIONAL,97.25765518146959,9.32,9.05,10.85,7.5,0,,,annual
2014,,,GREIX_NATIONAL,97.80088866038898,9.370000000000001,9.1,10.91,7.54,1,,,annual
2015,1.0,1.0,GREIX_NATIONAL,99.11424255371094,9.3,9.05,10.81,7.53,0,,,monthly
2015,1.0,1.0,GREIX_NATIONAL,100.61990356445312,9.44,9.19,10.98,7.640000000000001,1,,,monthly
2015,1.0,2.0,GREIX_NATIONAL,99.4536361694336,9.33,9.08,10.85,7.55,0,,,monthly
2015,1.0,2.0,GREIX_NATIONAL,100.21098327636719,9.4,9.15,10.93,7.61,1,,,monthly
2015,1.0,3.0,GREIX_NATIONAL,99.9600601196289,9.38,9.13,10.9,7.59,0,,,monthly
2015,1.0,3.0,GREIX_NATIONAL,100.18721771240234,9.4,9.15,10.93,7.61,1,,,monthly
2015,1.0,,GREIX_NATIONAL,99.529541015625,9.39,9.14,10.89,7.58,0,36.07472610473633,0.20593564212322235,quarterly
2015,1.0,,GREIX_NATIONAL,100.35936737060547,9.47,9.21,10.98,7.640000000000001,1,36.07472610473633,0.20593564212322235,quarterly
2015,2.0,4.0,GREIX_NATIONAL,99.81717681884766,9.370000000000001,9.120000000000001,10.89,7.58,0,,,monthly
2015,2.0,4.0,GREIX_NATIONAL,99.6214370727539,9.35,9.1,10.870000000000001,7.5600000000000005,1,,,monthly
2015,2.0,5.0,GREIX_NATIONAL,99.96064758300781,9.38,9.13,10.9,7.59,0,,,monthly
2015,2.0,5.0,GREIX_NATIONAL,99.55437469482422,9.34,9.09,10.86,7.5600000000000005,1,,,monthly
2015,2.0,6.0,GREIX_NATIONAL,100.17577362060547,9.4,9.15,10.93,7.61,0,,,monthly
2015,2.0,6.0,GREIX_NATIONAL,99.76862335205078,9.36,9.11,10.88,7.58,1,,,monthly
2015,2.0,,GREIX_NATIONAL,99.99701690673828,9.44,9.18,10.94,7.61,0,35.15777587890625,0.22032393515110016,quarterly
2015,2.0,,GREIX_NATIONAL,99.66117858886719,9.4,9.15,10.9,7.59,1,35.15777587890625,0.22032393515110016,quarterly
2015,3.0,7.0,GREIX_NATIONAL,99.84410858154297,9.370000000000001,9.120000000000001,10.89,7.58,0,,,monthly
2015,3.0,7.0,GREIX_NATIONAL,99.22917938232422,9.31,9.06,10.82,7.53,1,,,monthly
2015,3.0,8.0,GREIX_NATIONAL,99.40325164794922,9.33,9.08,10.84,7.55,0,,,monthly
2015,3.0,8.0,GREIX_NATIONAL,98.89502716064453,9.28,9.03,10.790000000000001,7.51,1,,,monthly
2015,3.0,9.0,GREIX_NATIONAL,100.21778869628906,9.41,9.15,10.93,7.61,0,,,monthly
2015,3.0,9.0,GREIX_NATIONAL,99.81045532226562,9.370000000000001,9.120000000000001,10.89,7.58,1,,,monthly
2015,3.0,,GREIX_NATIONAL,99.81916046142578,9.42,9.16,10.92,7.6000000000000005,0,33.5682258605957,0.2334425151348114,quarterly
2015,3.0,,GREIX_NATIONAL,99.30937957763672,9.370000000000001,9.120000000000001,10.870000000000001,7.5600000000000005,1,33.5682258605957,0.2334425151348114,quarterly
2015,4.0,10.0,GREIX_NATIONAL,100.50186920166016,9.43,9.18,10.96,7.63,0,,,monthly
2015,4.0,10.0,GREIX_NATIONAL,100.09339141845703,9.39,9.14,10.92,7.6000000000000005,1,,,monthly
2015,4.0,11.0,GREIX_NATIONAL,100.65009307861328,9.450000000000001,9.19,10.98,7.640000000000001,0,,,monthly
2015,4.0,11.0,GREIX_NATIONAL,100.8788070678711,9.47,9.22,11.0,7.66,1,,,monthly
2015,4.0,12.0,GREIX_NATIONAL,100.90131378173828,9.47,9.22,11.01,7.66,0,,,monthly
2015,4.0,12.0,GREIX_NATIONAL,101.13059997558594,9.49,9.24,11.03,7.68,1,,,monthly
2015,4.0,,GREIX_NATIONAL,100.65426635742188,9.5,9.24,11.01,7.66,0,32.40169906616211,0.24708929657936096,quarterly
2015,4.0,,GREIX_NATIONAL,100.6700668334961,9.5,9.24,11.01,7.66,1,32.40169906616211,0.24708929657936096,quarterly
2015,,,GREIX_NATIONAL,100.0,9.58,9.31,11.15,7.71,0,,,annual
2015,,,GREIX_NATIONAL,100.0,9.58,9.31,11.15,7.71,1,,,annual
2016,1.0,1.0,GREIX_NATIONAL,101.8138656616211,9.56,9.3,11.11,7.73,0,,,monthly
2016,1.0,1.0,GREIX_NATIONAL,102.80838012695312,9.65,9.39,11.21,7.8100000000000005,1,,,monthly
2016,1.0,2.0,GREIX_NATIONAL,102.24877166748047,9.6,9.34,11.15,7.76,0,,,monthly
2016,1.0,2.0,GREIX_NATIONAL,102.91766357421875,9.66,9.4,11.23,7.8100000000000005,1,,,monthly
2016,1.0,3.0,GREIX_NATIONAL,102.35444641113281,9.61,9.35,11.16,7.7700000000000005,0,,,monthly
2016,1.0,3.0,GREIX_NATIONAL,102.36991882324219,9.61,9.35,11.17,7.7700000000000005,1,,,monthly
2016,1.0,,GREIX_NATIONAL,102.12519073486328,9.64,9.38,11.17,7.7700000000000005,0,31.658655166625977,0.2527198791503906,quarterly
2016,1.0,,GREIX_NATIONAL,102.68453216552734,9.69,9.43,11.24,7.82,1,31.658655166625977,0.2527198791503906,quarterly
2016,2.0,4.0,GREIX_NATIONAL,103.2234115600586,9.69,9.43,11.26,7.84,0,,,monthly
2016,2.0,4.0,GREIX_NATIONAL,103.12986755371094,9.68,9.42,11.25,7.83,1,,,monthly
2016,2.0,5.0,GREIX_NATIONAL,103.39724731445312,9.700000000000001,9.450000000000001,11.28,7.8500000000000005,0,,,monthly
2016,2.0,5.0,GREIX_NATIONAL,102.76041412353516,9.64,9.39,11.21,7.8,1,,,monthly
2016,2.0,6.0,GREIX_NATIONAL,103.50076293945312,9.71,9.450000000000001,11.290000000000001,7.86,0,,,monthly
2016,2.0,6.0,GREIX_NATIONAL,102.75525665283203,9.64,9.39,11.21,7.8,1,,,monthly
2016,2.0,,GREIX_NATIONAL,103.34767150878906,9.75,9.49,11.31,7.87,0,29.91599464416504,0.2701398432254791,quarterly
2016,2.0,,GREIX_NATIONAL,102.85594940185547,9.71,9.44,11.25,7.83,1,29.91599464416504,0.2701398432254791,quarterly
2016,3.0,7.0,GREIX_NATIONAL,103.91517639160156,9.75,9.49,11.33,7.890000000000001,0,,,monthly
2016,3.0,7.0,GREIX_NATIONAL,102.84260559082031,9.65,9.39,11.22,7.8100000000000005,1,,,monthly
2016,3.0,8.0,GREIX_NATIONAL,104.7812271118164,9.83,9.57,11.43,7.96,0,,,monthly
2016,3.0,8.0,GREIX_NATIONAL,103.80840301513672,9.74,9.48,11.32,7.88,1,,,monthly
2016,3.0,9.0,GREIX_NATIONAL,104.82828521728516,9.84,9.58,11.43,7.96,0,,,monthly
2016,3.0,9.0,GREIX_NATIONAL,103.74628448486328,9.74,9.48,11.32,7.88,1,,,monthly
2016,3.0,,GREIX_NATIONAL,104.4578628540039,9.86,9.59,11.43,7.95,0,29.40033531188965,0.28549060225486755,quarterly
2016,3.0,,GREIX_NATIONAL,103.4163818359375,9.76,9.5,11.32,7.87,1,29.40033531188965,0.28549060225486755,quarterly
2016,4.0,10.0,GREIX_NATIONAL,105.02444458007812,9.86,9.59,11.46,7.97,0,,,monthly
2016,4.0,10.0,GREIX_NATIONAL,103.83168029785156,9.74,9.49,11.33,7.88,1,,,monthly
2016,4.0,11.0,GREIX_NATIONAL,105.07453918457031,9.86,9.6,11.46,7.98,0,,,monthly
2016,4.0,11.0,GREIX_NATIONAL,104.53730010986328,9.81,9.55,11.4,7.94,1,,,monthly
2016,4.0,12.0,GREIX_NATIONAL,105.94702911376953,9.94,9.68,11.56,8.040000000000001,0,,,monthly
2016,4.0,12.0,GREIX_NATIONAL,104.74378967285156,9.83,9.57,11.43,7.95,1,,,monthly
2016,4.0,,GREIX_NATIONAL,105.24617004394531,9.93,9.66,11.52,8.01,0,28.823219299316406,0.29321426153182983,quarterly
2016,4.0,,GREIX_NATIONAL,104.26963806152344,9.84,9.57,11.41,7.94,1,28.823219299316406,0.29321426153182983,quarterly
2016,,,GREIX_NATIONAL,103.6707290460837,9.93,9.65,11.56,8.0,0,,,annual
2016,,,GREIX_NATIONAL,103.18853587887335,9.88,9.6,11.51,7.96,1,,,annual
2017,1.0,1.0,GREIX_NATIONAL,106.5652847290039,10.0,9.73,11.620000000000001,8.09,0,,,monthly
2017,1.0,1.0,GREIX_NATIONAL,105.90895080566406,9.94,9.67,11.55,8.040000000000001,1,,,monthly
2017,1.0,2.0,GREIX_NATIONAL,106.92947387695312,10.040000000000001,9.77,11.66,8.120000000000001,0,,,monthly
2017,1.0,2.0,GREIX_NATIONAL,105.715087890625,9.92,9.66,11.53,8.03,1,,,monthly
2017,1.0,3.0,GREIX_NATIONAL,107.2175521850586,10.06,9.790000000000001,11.69,8.14,0,,,monthly
2017,1.0,3.0,GREIX_NATIONAL,105.77860260009766,9.93,9.66,11.540000000000001,8.03,1,,,monthly
2017,1.0,,GREIX_NATIONAL,106.85059356689453,10.08,9.81,11.69,8.13,0,28.76580810546875,0.2883126437664032,quarterly
2017,1.0,,GREIX_NATIONAL,105.74832153320312,9.98,9.71,11.57,8.05,1,28.76580810546875,0.2883126437664032,quarterly
2017,2.0,4.0,GREIX_NATIONAL,107.6473388671875,10.1,9.83,11.74,8.17,0,,,monthly
2017,2.0,4.0,GREIX_NATIONAL,105.76102447509766,9.93,9.66,11.540000000000001,8.03,1,,,monthly
2017,2.0,5.0,GREIX_NATIONAL,107.6464614868164,10.1,9.83,11.74,8.17,0,,,monthly
2017,2.0,5.0,GREIX_NATIONAL,105.76016235351562,9.93,9.66,11.540000000000001,8.03,1,,,monthly
2017,2.0,6.0,GREIX_NATIONAL,108.06385040283203,10.14,9.870000000000001,11.790000000000001,8.21,0,,,monthly
2017,2.0,6.0,GREIX_NATIONAL,105.84016418457031,9.93,9.67,11.540000000000001,8.040000000000001,1,,,monthly
2017,2.0,,GREIX_NATIONAL,107.75244140625,10.17,9.89,11.790000000000001,8.2,0,27.995187759399414,0.2928221523761749,quarterly
2017,2.0,,GREIX_NATIONAL,105.75495910644531,9.98,9.71,11.57,8.05,1,27.995187759399414,0.2928221523761749,quarterly
2017,3.0,7.0,GREIX_NATIONAL,108.48588562011719,10.18,9.91,11.83,8.24,0,,,monthly
2017,3.0,7.0,GREIX_NATIONAL,105.81490325927734,9.93,9.67,11.540000000000001,8.03,1,,,monthly
2017,3.0,8.0,GREIX_NATIONAL,108.78099822998047,10.21,9.94,11.870000000000001,8.26,0,,,monthly
2017,3.0,8.0,GREIX_NATIONAL,105.99337768554688,9.950000000000001,9.68,11.56,8.05,1,,,monthly
2017,3.0,9.0,GREIX_NATIONAL,108.84037780761719,10.21,9.94,11.870000000000001,8.26,0,,,monthly
2017,3.0,9.0,GREIX_NATIONAL,106.05123901367188,9.950000000000001,9.69,11.57,8.05,1,,,monthly
2017,3.0,,GREIX_NATIONAL,108.63997650146484,10.25,9.97,11.89,8.27,0,27.70415496826172,0.2927415668964386,quarterly
2017,3.0,,GREIX_NATIONAL,105.8929672241211,9.99,9.72,11.59,8.06,1,27.70415496826172,0.2927415668964386,quarterly
2017,4.0,10.0,GREIX_NATIONAL,109.2255859375,10.25,9.98,11.91,8.290000000000001,0,,,monthly
2017,4.0,10.0,GREIX_NATIONAL,106.53641510009766,10.0,9.73,11.620000000000001,8.09,1,,,monthly
2017,4.0,11.0,GREIX_NATIONAL,109.7706527709961,10.3,10.03,11.97,8.33,0,,,monthly
2017,4.0,11.0,GREIX_NATIONAL,107.51185607910156,10.09,9.82,11.73,8.16,1,,,monthly
2017,4.0,12.0,GREIX_NATIONAL,110.41960144042969,10.36,10.09,12.040000000000001,8.38,0,,,monthly
2017,4.0,12.0,GREIX_NATIONAL,107.7010269165039,10.11,9.84,11.75,8.18,1,,,monthly
2017,4.0,,GREIX_NATIONAL,109.72432708740234,10.35,10.07,12.01,8.35,0,26.787813186645508,0.3067142367362976,quarterly
2017,4.0,,GREIX_NATIONAL,107.17095184326172,10.11,9.84,11.73,8.16,1,26.787813186645508,0.3067142367362976,quarterly
2017,,,GREIX_NATIONAL,108.19835416238175,10.36,10.07,12.07,8.35,0,,,annual
2017,,,GREIX_NATIONAL,106.10286229641449,10.16,9.88,11.83,8.18,1,,,annual
2018,1.0,1.0,GREIX_NATIONAL,110.4435043334961,10.370000000000001,10.09,12.05,8.39,0,,,monthly
2018,1.0,1.0,GREIX_NATIONAL,108.2830810546875,10.16,9.89,11.81,8.22,1,,,monthly
2018,1.0,2.0,GREIX_NATIONAL,111.4500961303711,10.46,10.18,12.16,8.46,0,,,monthly
2018,1.0,2.0,GREIX_NATIONAL,108.93097686767578,10.22,9.950000000000001,11.88,8.27,1,,,monthly
2018,1.0,3.0,GREIX_NATIONAL,111.62254333496094,10.48,10.200000000000001,12.18,8.48,0,,,monthly
2018,1.0,3.0,GREIX_NATIONAL,108.53831481933594,10.19,9.91,11.84,8.24,1,,,monthly
2018,1.0,,GREIX_NATIONAL,111.11990356445312,10.49,10.200000000000001,12.16,8.46,0,26.208833694458008,0.32498401403427124,quarterly
2018,1.0,,GREIX_NATIONAL,108.5340576171875,10.24,9.97,11.88,8.26,1,26.208833694458008,0.32498401403427124,quarterly
2018,2.0,4.0,GREIX_NATIONAL,112.0111312866211,10.51,10.23,12.22,8.5,0,,,monthly
2018,2.0,4.0,GREIX_NATIONAL,108.58104705810547,10.19,9.92,11.84,8.24,1,,,monthly
2018,2.0,5.0,GREIX_NATIONAL,112.30831146240234,10.540000000000001,10.26,12.25,8.53,0,,,monthly
2018,2.0,5.0,GREIX_NATIONAL,108.09307098388672,10.14,9.870000000000001,11.790000000000001,8.21,1,,,monthly
2018,2.0,6.0,GREIX_NATIONAL,112.9742660522461,10.6,10.32,12.32,8.58,0,,,monthly
2018,2.0,6.0,GREIX_NATIONAL,108.62340545654297,10.19,9.92,11.85,8.25,1,,,monthly
2018,2.0,,GREIX_NATIONAL,112.35060119628906,10.6,10.32,12.290000000000001,8.55,0,25.89361000061035,0.3360848128795624,quarterly
2018,2.0,,GREIX_NATIONAL,108.35507202148438,10.23,9.950000000000001,11.86,8.25,1,25.89361000061035,0.3360848128795624,quarterly
2018,3.0,7.0,GREIX_NATIONAL,113.03538513183594,10.61,10.33,12.33,8.58,0,,,monthly
2018,3.0,7.0,GREIX_NATIONAL,108.2417221069336,10.16,9.89,11.81,8.22,1,,,monthly
2018,3.0,8.0,GREIX_NATIONAL,113.36094665527344,10.64,10.36,12.36,8.61,0,,,monthly
2018,3.0,8.0,GREIX_NATIONAL,108.44361877441406,10.18,9.91,11.83,8.23,1,,,monthly
2018,3.0,9.0,GREIX_NATIONAL,113.5445327758789,10.66,10.370000000000001,12.38,8.620000000000001,0,,,monthly
2018,3.0,9.0,GREIX_NATIONAL,108.3998031616211,10.17,9.9,11.82,8.23,1,,,monthly
2018,3.0,,GREIX_NATIONAL,113.23825073242188,10.69,10.4,12.39,8.620000000000001,0,26.366731643676758,0.3409784734249115,quarterly
2018,3.0,,GREIX_NATIONAL,108.29032135009766,10.22,9.94,11.85,8.24,1,26.366731643676758,0.3409784734249115,quarterly
2018,4.0,10.0,GREIX_NATIONAL,113.83045959472656,10.68,10.4,12.42,8.64,0,,,monthly
2018,4.0,10.0,GREIX_NATIONAL,108.56311798095703,10.19,9.92,11.84,8.24,1,,,monthly
2018,4.0,11.0,GREIX_NATIONAL,113.6397476196289,10.66,10.38,12.4,8.63,0,,,monthly
2018,4.0,11.0,GREIX_NATIONAL,109.04141998291016,10.23,9.96,11.89,8.28,1,,,monthly
2018,4.0,12.0,GREIX_NATIONAL,114.51828002929688,10.75,10.46,12.49,8.700000000000001,0,,,monthly
2018,4.0,12.0,GREIX_NATIONAL,109.8843994140625,10.31,10.040000000000001,11.99,8.34,1,,,monthly
2018,4.0,,GREIX_NATIONAL,113.87040710449219,10.75,10.450000000000001,12.46,8.67,0,25.94661521911621,0.34522387385368347,quarterly
2018,4.0,,GREIX_NATIONAL,109.04196166992188,10.290000000000001,10.01,11.93,8.3,1,25.94661521911621,0.34522387385368347,quarterly
2018,,,GREIX_NATIONAL,112.55133267181638,10.78,10.48,12.55,8.68,0,,,annual
2018,,,GREIX_NATIONAL,108.46776451935796,10.39,10.1,12.1,8.370000000000001,1,,,annual
2019,1.0,1.0,GREIX_NATIONAL,113.94395446777344,10.69,10.41,12.43,8.65,0,,,monthly
2019,1.0,1.0,GREIX_NATIONAL,110.22856903076172,10.35,10.07,12.02,8.370000000000001,1,,,monthly
2019,1.0,2.0,GREIX_NATIONAL,114.79499816894531,10.77,10.49,12.52,8.72,0,,,monthly
2019,1.0,2.0,GREIX_NATIONAL,110.59906005859375,10.38,10.1,12.06,8.4,1,,,monthly
2019,1.0,3.0,GREIX_NATIONAL,115.26892852783203,10.82,10.53,12.57,8.75,0,,,monthly
2019,1.0,3.0,GREIX_NATIONAL,110.60467529296875,10.38,10.1,12.06,8.4,1,,,monthly
2019,1.0,,GREIX_NATIONAL,114.59638214111328,10.81,10.52,12.540000000000001,8.72,0,27.663026809692383,0.33089274168014526,quarterly
2019,1.0,,GREIX_NATIONAL,110.40833282470703,10.42,10.14,12.08,8.4,1,27.663026809692383,0.33089274168014526,quarterly
2019,2.0,4.0,GREIX_NATIONAL,115.61772918701172,10.85,10.56,12.61,8.78,0,,,monthly
2019,2.0,4.0,GREIX_NATIONAL,109.93489074707031,10.32,10.040000000000001,11.99,8.35,1,,,monthly
2019,2.0,5.0,GREIX_NATIONAL,115.8028793334961,10.870000000000001,10.58,12.63,8.790000000000001,0,,,monthly
2019,2.0,5.0,GREIX_NATIONAL,109.88983154296875,10.31,10.040000000000001,11.99,8.34,1,,,monthly
2019,2.0,6.0,GREIX_NATIONAL,115.85514831542969,10.870000000000001,10.58,12.64,8.8,0,,,monthly
2019,2.0,6.0,GREIX_NATIONAL,109.60928344726562,10.290000000000001,10.01,11.96,8.32,1,,,monthly
2019,2.0,,GREIX_NATIONAL,115.67975616455078,10.92,10.620000000000001,12.66,8.81,0,27.420679092407227,0.32683730125427246,quarterly
2019,2.0,,GREIX_NATIONAL,109.73689270019531,10.36,10.08,12.01,8.35,1,27.420679092407227,0.32683730125427246,quarterly
2019,3.0,7.0,GREIX_NATIONAL,115.70854949951172,10.86,10.57,12.620000000000001,8.790000000000001,0,,,monthly
2019,3.0,7.0,GREIX_NATIONAL,109.03401947021484,10.23,9.96,11.89,8.28,1,,,monthly
2019,3.0,8.0,GREIX_NATIONAL,115.67315673828125,10.86,10.57,12.620000000000001,8.78,0,,,monthly
2019,3.0,8.0,GREIX_NATIONAL,109.10944366455078,10.24,9.97,11.9,8.28,1,,,monthly
2019,3.0,9.0,GREIX_NATIONAL,115.9569320678711,10.88,10.59,12.65,8.8,0,,,monthly
2019,3.0,9.0,GREIX_NATIONAL,109.37711334228516,10.27,9.99,11.93,8.3,1,,,monthly
2019,3.0,,GREIX_NATIONAL,115.72891235351562,10.92,10.63,12.66,8.81,0,27.64208984375,0.32414379715919495,quarterly
2019,3.0,,GREIX_NATIONAL,109.12635803222656,10.3,10.02,11.94,8.31,1,27.64208984375,0.32414379715919495,quarterly
2019,4.0,10.0,GREIX_NATIONAL,115.73100280761719,10.86,10.57,12.620000000000001,8.790000000000001,0,,,monthly
2019,4.0,10.0,GREIX_NATIONAL,109.16400909423828,10.25,9.97,11.91,8.290000000000001,1,,,monthly
2019,4.0,11.0,GREIX_NATIONAL,115.9560317993164,10.88,10.59,12.65,8.8,0,,,monthly
2019,4.0,11.0,GREIX_NATIONAL,110.14575958251953,10.34,10.06,12.01,8.36,1,,,monthly
2019,4.0,12.0,GREIX_NATIONAL,116.72499084472656,10.950000000000001,10.66,12.73,8.86,0,,,monthly
2019,4.0,12.0,GREIX_NATIONAL,110.32181549072266,10.35,10.08,12.030000000000001,8.38,1,,,monthly
2019,4.0,,GREIX_NATIONAL,116.05316925048828,10.950000000000001,10.66,12.700000000000001,8.83,0,27.809492111206055,0.32808786630630493,quarterly
2019,4.0,,GREIX_NATIONAL,109.79725646972656,10.36,10.08,12.01,8.36,1,27.809492111206055,0.32808786630630493,quarterly
2019,,,GREIX_NATIONAL,115.52852134932449,11.07,10.75,12.88,8.91,0,,,annual
2019,,,GREIX_NATIONAL,109.77918483935036,10.52,10.22,12.24,8.47,1,,,annual
2020,1.0,1.0,GREIX_NATIONAL,116.8163833618164,10.96,10.67,12.74,8.870000000000001,0,,,monthly
2020,1.0,1.0,GREIX_NATIONAL,110.62944793701172,10.38,10.11,12.07,8.4,1,,,monthly
2020,1.0,2.0,GREIX_NATIONAL,117.16866302490234,11.0,10.700000000000001,12.780000000000001,8.9,0,,,monthly
2020,1.0,2.0,GREIX_NATIONAL,110.63052368164062,10.38,10.11,12.07,8.4,1,,,monthly
2020,1.0,3.0,GREIX_NATIONAL,116.93460845947266,10.97,10.68,12.75,8.88,0,,,monthly
2020,1.0,3.0,GREIX_NATIONAL,110.18936920166016,10.34,10.07,12.02,8.370000000000001,1,,,monthly
2020,1.0,,GREIX_NATIONAL,116.91790771484375,11.03,10.73,12.790000000000001,8.9,0,26.732223510742188,0.33900561928749084,quarterly
2020,1.0,,GREIX_NATIONAL,110.43113708496094,10.42,10.14,12.08,8.41,1,26.732223510742188,0.33900561928749084,quarterly
2020,2.0,4.0,GREIX_NATIONAL,118.33394622802734,11.11,10.81,12.91,8.98,0,,,monthly
2020,2.0,4.0,GREIX_NATIONAL,111.39691925048828,10.450000000000001,10.18,12.15,8.46,1,,,monthly
2020,2.0,5.0,GREIX_NATIONAL,117.77656555175781,11.05,10.76,12.85,8.94,0,,,monthly
2020,2.0,5.0,GREIX_NATIONAL,110.87220764160156,10.41,10.13,12.09,8.42,1,,,monthly
2020,2.0,6.0,GREIX_NATIONAL,118.32667541503906,11.1,10.81,12.91,8.98,0,,,monthly
2020,2.0,6.0,GREIX_NATIONAL,111.27924346923828,10.44,10.17,12.14,8.45,1,,,monthly
2020,2.0,,GREIX_NATIONAL,118.0502700805664,11.14,10.84,12.92,8.99,0,27.084476470947266,0.3419387638568878,quarterly
2020,2.0,,GREIX_NATIONAL,111.0936050415039,10.48,10.200000000000001,12.16,8.46,1,27.084476470947266,0.3419387638568878,quarterly
2020,3.0,7.0,GREIX_NATIONAL,118.24602508544922,11.1,10.8,12.9,8.98,0,,,monthly
2020,3.0,7.0,GREIX_NATIONAL,112.095703125,10.52,10.24,12.23,8.51,1,,,monthly
2020,3.0,8.0,GREIX_NATIONAL,118.6805419921875,11.14,10.84,12.950000000000001,9.01,0,,,monthly
2020,3.0,8.0,GREIX_NATIONAL,112.50761413574219,10.56,10.28,12.27,8.540000000000001,1,,,monthly
2020,3.0,9.0,GREIX_NATIONAL,118.54447174072266,11.13,10.83,12.93,9.0,0,,,monthly
2020,3.0,9.0,GREIX_NATIONAL,112.37863159179688,10.55,10.27,12.26,8.53,1,,,monthly
2020,3.0,,GREIX_NATIONAL,118.38082122802734,11.17,10.870000000000001,12.950000000000001,9.01,0,26.693788528442383,0.3441843092441559,quarterly
2020,3.0,,GREIX_NATIONAL,112.22411346435547,10.59,10.3,12.280000000000001,8.540000000000001,1,26.693788528442383,0.3441843092441559,quarterly
2020,4.0,10.0,GREIX_NATIONAL,119.27330780029297,11.19,10.9,13.01,9.06,0,,,monthly
2020,4.0,10.0,GREIX_NATIONAL,112.84318542480469,10.59,10.31,12.31,8.57,1,,,monthly
2020,4.0,11.0,GREIX_NATIONAL,119.77234649658203,11.24,10.94,13.06,9.09,0,,,monthly
2020,4.0,11.0,GREIX_NATIONAL,113.54264068603516,10.66,10.370000000000001,12.38,8.620000000000001,1,,,monthly
2020,4.0,12.0,GREIX_NATIONAL,119.99725341796875,11.26,10.96,13.09,9.11,0,,,monthly
2020,4.0,12.0,GREIX_NATIONAL,113.64185333251953,10.67,10.38,12.4,8.63,1,,,monthly
2020,4.0,,GREIX_NATIONAL,119.58136749267578,11.28,10.98,13.08,9.1,0,26.097515106201172,0.3431188762187958,quarterly
2020,4.0,,GREIX_NATIONAL,113.24864196777344,10.69,10.4,12.39,8.620000000000001,1,26.097515106201172,0.3431188762187958,quarterly
2020,,,GREIX_NATIONAL,118.19472922422909,11.32,11.0,13.18,9.120000000000001,0,,,annual
2020,,,GREIX_NATIONAL,111.7137014256192,10.700000000000001,10.4,12.46,8.620000000000001,1,,,annual
2021,1.0,1.0,GREIX_NATIONAL,120.15803527832031,11.28,10.98,13.11,9.120000000000001,0,,,monthly
2021,1.0,1.0,GREIX_NATIONAL,112.4421157836914,10.55,10.27,12.26,8.540000000000001,1,,,monthly
2021,1.0,2.0,GREIX_NATIONAL,120.71916961669922,11.33,11.03,13.17,9.17,0,,,monthly
2021,1.0,2.0,GREIX_NATIONAL,112.30010223388672,10.540000000000001,10.26,12.25,8.53,1,,,monthly
2021,1.0,3.0,GREIX_NATIONAL,120.65990447998047,11.32,11.02,13.16,9.16,0,,,monthly
2021,1.0,3.0,GREIX_NATIONAL,111.69527435302734,10.48,10.200000000000001,12.18,8.48,1,,,monthly
2021,1.0,,GREIX_NATIONAL,120.46382904052734,11.370000000000001,11.06,13.18,9.17,0,25.960485458374023,0.33730509877204895,quarterly
2021,1.0,,GREIX_NATIONAL,112.0999755859375,10.58,10.290000000000001,12.27,8.53,1,25.960485458374023,0.33730509877204895,quarterly
2021,2.0,4.0,GREIX_NATIONAL,120.64321899414062,11.32,11.02,13.16,9.16,0,,,monthly
2021,2.0,4.0,GREIX_NATIONAL,111.35264587402344,10.450000000000001,10.17,12.15,8.45,1,,,monthly
2021,2.0,5.0,GREIX_NATIONAL,121.0997543334961,11.370000000000001,11.06,13.21,9.19,0,,,monthly
2021,2.0,5.0,GREIX_NATIONAL,111.55614471435547,10.47,10.19,12.17,8.47,1,,,monthly
2021,2.0,6.0,GREIX_NATIONAL,121.283935546875,11.38,11.08,13.23,9.21,0,,,monthly
2021,2.0,6.0,GREIX_NATIONAL,111.40008544921875,10.46,10.18,12.15,8.46,1,,,monthly
2021,2.0,,GREIX_NATIONAL,120.9766845703125,11.42,11.11,13.24,9.21,0,24.52962303161621,0.34622475504875183,quarterly
2021,2.0,,GREIX_NATIONAL,111.4072036743164,10.51,10.23,12.19,8.48,1,24.52962303161621,0.34622475504875183,quarterly
2021,3.0,7.0,GREIX_NATIONAL,121.39192199707031,11.39,11.09,13.24,9.22,0,,,monthly
2021,3.0,7.0,GREIX_NATIONAL,110.9601058959961,10.41,10.14,12.1,8.43,1,,,monthly
2021,3.0,8.0,GREIX_NATIONAL,121.58390808105469,11.41,11.11,13.26,9.23,0,,,monthly
2021,3.0,8.0,GREIX_NATIONAL,111.02821350097656,10.42,10.14,12.11,8.43,1,,,monthly
2021,3.0,9.0,GREIX_NATIONAL,122.45238494873047,11.49,11.19,13.36,9.3,0,,,monthly
2021,3.0,9.0,GREIX_NATIONAL,111.49810791015625,10.46,10.19,12.16,8.47,1,,,monthly
2021,3.0,,GREIX_NATIONAL,121.77606201171875,11.49,11.18,13.32,9.27,0,28.42812156677246,0.3307015001773834,quarterly
2021,3.0,,GREIX_NATIONAL,111.1327133178711,10.49,10.200000000000001,12.16,8.46,1,28.42812156677246,0.3307015001773834,quarterly
2021,4.0,10.0,GREIX_NATIONAL,122.76827239990234,11.52,11.21,13.39,9.32,0,,,monthly
2021,4.0,10.0,GREIX_NATIONAL,111.2498550415039,10.44,10.16,12.13,8.45,1,,,monthly
2021,4.0,11.0,GREIX_NATIONAL,122.87611389160156,11.53,11.22,13.4,9.33,0,,,monthly
2021,4.0,11.0,GREIX_NATIONAL,111.13447570800781,10.43,10.15,12.120000000000001,8.44,1,,,monthly
2021,4.0,12.0,GREIX_NATIONAL,123.88236236572266,11.63,11.32,13.51,9.41,0,,,monthly
2021,4.0,12.0,GREIX_NATIONAL,111.8305435180664,10.5,10.22,12.200000000000001,8.49,1,,,monthly
2021,4.0,,GREIX_NATIONAL,123.08242797851562,11.61,11.3,13.47,9.370000000000001,0,30.972925186157227,0.315624475479126,quarterly
2021,4.0,,GREIX_NATIONAL,111.3216781616211,10.5,10.22,12.18,8.47,1,30.972925186157227,0.315624475479126,quarterly
2021,,,GREIX_NATIONAL,121.74348861510845,11.66,11.33,13.58,9.39,0,,,annual
2021,,,GREIX_NATIONAL,111.64411506629767,10.69,10.39,12.450000000000001,8.61,1,,,annual
2022,1.0,1.0,GREIX_NATIONAL,124.3850326538086,11.67,11.36,13.57,9.44,0,,,monthly
2022,1.0,1.0,GREIX_NATIONAL,111.7506332397461,10.49,10.21,12.19,8.49,1,,,monthly
2022,1.0,2.0,GREIX_NATIONAL,124.65890502929688,11.700000000000001,11.39,13.6,9.47,0,,,monthly
2022,1.0,2.0,GREIX_NATIONAL,111.15142059326172,10.43,10.15,12.120000000000001,8.44,1,,,monthly
2022,1.0,3.0,GREIX_NATIONAL,125.05690002441406,11.74,11.42,13.64,9.5,0,,,monthly
2022,1.0,3.0,GREIX_NATIONAL,109.34012603759766,10.26,9.99,11.93,8.3,1,,,monthly
2022,1.0,,GREIX_NATIONAL,124.68028259277344,11.77,11.450000000000001,13.64,9.49,0,31.604976654052734,0.3095466196537018,quarterly
2022,1.0,,GREIX_NATIONAL,110.7184829711914,10.450000000000001,10.17,12.11,8.43,1,31.604976654052734,0.3095466196537018,quarterly
2022,2.0,4.0,GREIX_NATIONAL,126.07117462158203,11.83,11.52,13.75,9.57,0,,,monthly
2022,2.0,4.0,GREIX_NATIONAL,109.51775360107422,10.28,10.0,11.950000000000001,8.32,1,,,monthly
2022,2.0,5.0,GREIX_NATIONAL,126.73914337158203,11.89,11.58,13.82,9.620000000000001,0,,,monthly
2022,2.0,5.0,GREIX_NATIONAL,109.09529876708984,10.24,9.97,11.9,8.28,1,,,monthly
2022,2.0,6.0,GREIX_NATIONAL,127.65103149414062,11.98,11.66,13.92,9.69,0,,,monthly
2022,2.0,6.0,GREIX_NATIONAL,109.88024139404297,10.31,10.040000000000001,11.99,8.34,1,,,monthly
2022,2.0,,GREIX_NATIONAL,126.77327728271484,11.96,11.64,13.870000000000001,9.65,0,32.05136489868164,0.30833131074905396,quarterly
2022,2.0,,GREIX_NATIONAL,109.45758056640625,10.33,10.05,11.98,8.33,1,32.05136489868164,0.30833131074905396,quarterly
2022,3.0,7.0,GREIX_NATIONAL,127.874755859375,12.0,11.68,13.950000000000001,9.71,0,,,monthly
2022,3.0,7.0,GREIX_NATIONAL,109.57384490966797,10.28,10.01,11.950000000000001,8.32,1,,,monthly
2022,3.0,8.0,GREIX_NATIONAL,127.95671081542969,12.01,11.69,13.96,9.72,0,,,monthly
2022,3.0,8.0,GREIX_NATIONAL,109.24788665771484,10.25,9.98,11.92,8.3,1,,,monthly
2022,3.0,9.0,GREIX_NATIONAL,127.57337188720703,11.97,11.65,13.92,9.69,0,,,monthly
2022,3.0,9.0,GREIX_NATIONAL,106.98766326904297,10.040000000000001,9.77,11.67,8.120000000000001,1,,,monthly
2022,3.0,,GREIX_NATIONAL,127.7408447265625,12.05,11.73,13.98,9.72,0,28.43295669555664,0.32155653834342957,quarterly
2022,3.0,,GREIX_NATIONAL,108.541259765625,10.24,9.97,11.88,8.26,1,28.43295669555664,0.32155653834342957,quarterly
2022,4.0,10.0,GREIX_NATIONAL,128.25518798828125,12.040000000000001,11.72,13.99,9.74,0,,,monthly
2022,4.0,10.0,GREIX_NATIONAL,106.80133819580078,10.02,9.76,11.65,8.11,1,,,monthly
2022,4.0,11.0,GREIX_NATIONAL,128.17950439453125,12.030000000000001,11.71,13.98,9.73,0,,,monthly
2022,4.0,11.0,GREIX_NATIONAL,106.5505599975586,10.0,9.73,11.620000000000001,8.09,1,,,monthly
2022,4.0,12.0,GREIX_NATIONAL,130.44314575195312,12.24,11.92,14.23,9.9,0,,,monthly
2022,4.0,12.0,GREIX_NATIONAL,108.91116333007812,10.22,9.950000000000001,11.88,8.27,1,,,monthly
2022,4.0,,GREIX_NATIONAL,128.81163024902344,12.16,11.83,14.09,9.8,0,24.89552879333496,0.3483400344848633,quarterly
2022,4.0,,GREIX_NATIONAL,107.29679870605469,10.13,9.85,11.74,8.17,1,24.89552879333496,0.3483400344848633,quarterly
2022,,,GREIX_NATIONAL,127.08124315096825,12.17,11.83,14.17,9.8,0,,,annual
2022,,,GREIX_NATIONAL,109.04487677520254,10.450000000000001,10.15,12.16,8.41,1,,,annual
2023,1.0,1.0,GREIX_NATIONAL,131.00608825683594,12.290000000000001,11.97,14.290000000000001,9.950000000000001,0,,,monthly
2023,1.0,1.0,GREIX_NATIONAL,108.32852935791016,10.17,9.9,11.82,8.23,1,,,monthly
2023,1.0,2.0,GREIX_NATIONAL,131.3272705078125,12.32,12.0,14.32,9.97,0,,,monthly
2023,1.0,2.0,GREIX_NATIONAL,107.74571990966797,10.11,9.84,11.75,8.18,1,,,monthly
2023,1.0,3.0,GREIX_NATIONAL,132.17453002929688,12.4,12.07,14.42,10.040000000000001,0,,,monthly
2023,1.0,3.0,GREIX_NATIONAL,107.60023498535156,10.1,9.83,11.74,8.17,1,,,monthly
2023,1.0,,GREIX_NATIONAL,131.41363525390625,12.4,12.07,14.38,10.0,0,25.247636795043945,0.33639129996299744,quarterly
2023,1.0,,GREIX_NATIONAL,107.81715393066406,10.17,9.9,11.8,8.21,1,25.247636795043945,0.33639129996299744,quarterly
2023,2.0,4.0,GREIX_NATIONAL,133.02352905273438,12.48,12.15,14.51,10.1,0,,,monthly
2023,2.0,4.0,GREIX_NATIONAL,107.8270034790039,10.120000000000001,9.85,11.76,8.19,1,,,monthly
2023,2.0,5.0,GREIX_NATIONAL,132.82266235351562,12.47,12.13,14.49,10.08,0,,,monthly
2023,2.0,5.0,GREIX_NATIONAL,107.7566146850586,10.11,9.84,11.75,8.18,1,,,monthly
2023,2.0,6.0,GREIX_NATIONAL,133.19793701171875,12.5,12.17,14.530000000000001,10.11,0,,,monthly
2023,2.0,6.0,GREIX_NATIONAL,107.78350830078125,10.120000000000001,9.85,11.76,8.18,1,,,monthly
2023,2.0,,GREIX_NATIONAL,132.8769989013672,12.540000000000001,12.200000000000001,14.540000000000001,10.11,0,25.105587005615234,0.3341701328754425,quarterly
2023,2.0,,GREIX_NATIONAL,107.67801666259766,10.16,9.89,11.78,8.2,1,25.105587005615234,0.3341701328754425,quarterly
2023,3.0,7.0,GREIX_NATIONAL,133.90223693847656,12.57,12.23,14.61,10.17,0,,,monthly
2023,3.0,7.0,GREIX_NATIONAL,108.07581329345703,10.14,9.870000000000001,11.790000000000001,8.21,1,,,monthly
2023,3.0,8.0,GREIX_NATIONAL,134.41192626953125,12.61,12.280000000000001,14.66,10.21,0,,,monthly
2023,3.0,8.0,GREIX_NATIONAL,108.11788177490234,10.15,9.88,11.790000000000001,8.21,1,,,monthly
2023,3.0,9.0,GREIX_NATIONAL,135.25357055664062,12.69,12.36,14.75,10.27,0,,,monthly
2023,3.0,9.0,GREIX_NATIONAL,108.51782989501953,10.18,9.91,11.84,8.24,1,,,monthly
2023,3.0,,GREIX_NATIONAL,134.34817504882812,12.68,12.33,14.700000000000001,10.23,0,25.071500778198242,0.331188440322876,quarterly
2023,3.0,,GREIX_NATIONAL,108.09785461425781,10.200000000000001,9.93,11.83,8.23,1,25.071500778198242,0.331188440322876,quarterly
2023,4.0,10.0,GREIX_NATIONAL,135.17364501953125,12.69,12.35,14.74,10.26,0,,,monthly
2023,4.0,10.0,GREIX_NATIONAL,108.45369720458984,10.18,9.91,11.83,8.23,1,,,monthly
2023,4.0,11.0,GREIX_NATIONAL,135.7060546875,12.74,12.4,14.8,10.3,0,,,monthly
2023,4.0,11.0,GREIX_NATIONAL,109.34497833251953,10.26,9.99,11.93,8.3,1,,,monthly
2023,4.0,12.0,GREIX_NATIONAL,137.0193634033203,12.86,12.52,14.950000000000001,10.4,0,,,monthly
2023,4.0,12.0,GREIX_NATIONAL,110.30911254882812,10.35,10.08,12.030000000000001,8.38,1,,,monthly
2023,4.0,,GREIX_NATIONAL,135.7101287841797,12.81,12.46,14.85,10.33,0,25.370508193969727,0.3212461769580841,quarterly
2023,4.0,,GREIX_NATIONAL,109.16271209716797,10.3,10.02,11.94,8.31,1,25.370508193969727,0.3212461769580841,quarterly
2023,,,GREIX_NATIONAL,133.9012426338169,12.83,12.46,14.93,10.33,0,,,annual
2023,,,GREIX_NATIONAL,108.44812581409076,10.39,10.09,12.09,8.36,1,,,annual
2024,1.0,1.0,GREIX_NATIONAL,139.84840393066406,13.120000000000001,12.77,15.25,10.620000000000001,0,,,monthly
2024,1.0,1.0,GREIX_NATIONAL,112.39519500732422,10.55,10.27,12.26,8.53,1,,,monthly
2024,1.0,2.0,GREIX_NATIONAL,139.8292694091797,13.120000000000001,12.77,15.25,10.620000000000001,0,,,monthly
2024,1.0,2.0,GREIX_NATIONAL,111.90402221679688,10.5,10.22,12.21,8.5,1,,,monthly
2024,1.0,3.0,GREIX_NATIONAL,140.2527313232422,13.16,12.81,15.3,10.65,0,,,monthly
2024,1.0,3.0,GREIX_NATIONAL,111.76971435546875,10.49,10.21,12.19,8.49,1,,,monthly
2024,1.0,,GREIX_NATIONAL,139.70465087890625,13.18,12.83,15.290000000000001,10.63,0,27.684833526611328,0.29743465781211853,quarterly
2024,1.0,,GREIX_NATIONAL,111.804931640625,10.55,10.27,12.23,8.51,1,27.684833526611328,0.29743465781211853,quarterly
2024,2.0,4.0,GREIX_NATIONAL,140.97451782226562,13.23,12.88,15.38,10.700000000000001,0,,,monthly
2024,2.0,4.0,GREIX_NATIONAL,111.77941131591797,10.49,10.21,12.19,8.49,1,,,monthly
2024,2.0,5.0,GREIX_NATIONAL,142.38636779785156,13.36,13.01,15.530000000000001,10.81,0,,,monthly
2024,2.0,5.0,GREIX_NATIONAL,112.80423736572266,10.59,10.3,12.3,8.57,1,,,monthly
2024,2.0,6.0,GREIX_NATIONAL,142.2151336669922,13.35,12.99,15.51,10.8,0,,,monthly
2024,2.0,6.0,GREIX_NATIONAL,112.57422637939453,10.57,10.28,12.280000000000001,8.55,1,,,monthly
2024,2.0,,GREIX_NATIONAL,141.52110290527344,13.35,12.99,15.48,10.77,0,29.545757293701172,0.2766221761703491,quarterly
2024,2.0,,GREIX_NATIONAL,112.11939239501953,10.58,10.290000000000001,12.27,8.53,1,29.545757293701172,0.2766221761703491,quarterly
2024,3.0,7.0,GREIX_NATIONAL,142.4242706298828,13.370000000000001,13.01,15.530000000000001,10.81,0,,,monthly
2024,3.0,7.0,GREIX_NATIONAL,112.36333465576172,10.55,10.26,12.26,8.53,1,,,monthly
2024,3.0,8.0,GREIX_NATIONAL,142.60845947265625,13.38,13.030000000000001,15.55,10.83,0,,,monthly
2024,3.0,8.0,GREIX_NATIONAL,112.60261535644531,10.57,10.290000000000001,12.280000000000001,8.55,1,,,monthly
2024,3.0,9.0,GREIX_NATIONAL,143.93077087402344,13.51,13.15,15.700000000000001,10.93,0,,,monthly
2024,3.0,9.0,GREIX_NATIONAL,113.6467056274414,10.67,10.38,12.4,8.63,1,,,monthly
2024,3.0,,GREIX_NATIONAL,142.70278930664062,13.47,13.1,15.610000000000001,10.86,0,30.258010864257812,0.25723204016685486,quarterly
2024,3.0,,GREIX_NATIONAL,112.64640045166016,10.63,10.34,12.33,8.57,1,30.258010864257812,0.25723204016685486,quarterly
2024,4.0,10.0,GREIX_NATIONAL,142.77999877929688,13.4,13.040000000000001,15.57,10.84,0,,,monthly
2024,4.0,10.0,GREIX_NATIONAL,112.26910400390625,10.540000000000001,10.26,12.25,8.52,1,,,monthly
2024,4.0,11.0,GREIX_NATIONAL,142.5396728515625,13.38,13.02,15.55,10.82,0,,,monthly
2024,4.0,11.0,GREIX_NATIONAL,112.36054992675781,10.55,10.26,12.26,8.53,1,,,monthly
2024,4.0,12.0,GREIX_NATIONAL,144.17291259765625,13.530000000000001,13.17,15.73,10.950000000000001,0,,,monthly
2024,4.0,12.0,GREIX_NATIONAL,113.08210754394531,10.61,10.33,12.33,8.59,1,,,monthly
2024,4.0,,GREIX_NATIONAL,142.80569458007812,13.48,13.11,15.620000000000001,10.870000000000001,0,30.211347579956055,0.26406601071357727,quarterly
2024,4.0,,GREIX_NATIONAL,112.28997039794922,10.6,10.31,12.290000000000001,8.55,1,30.211347579956055,0.26406601071357727,quarterly
2024,,,GREIX_NATIONAL,141.7495229766785,13.58,13.19,15.81,10.93,0,,,annual
2024,,,GREIX_NATIONAL,112.27113907362755,10.75,10.450000000000001,12.52,8.66,1,,,annual
2025,1.0,1.0,GREIX_NATIONAL,145.7966766357422,13.68,13.32,15.9,11.07,0,,,monthly
2025,1.0,1.0,GREIX_NATIONAL,114.54581451416016,10.75,10.46,12.49,8.700000000000001,1,,,monthly
2025,1.0,2.0,GREIX_NATIONAL,145.76431274414062,13.68,13.32,15.9,11.07,0,,,monthly
2025,1.0,2.0,GREIX_NATIONAL,114.04638671875,10.700000000000001,10.42,12.44,8.66,1,,,monthly
2025,1.0,3.0,GREIX_NATIONAL,146.78517150878906,13.780000000000001,13.41,16.01,11.15,0,,,monthly
2025,1.0,3.0,GREIX_NATIONAL,114.46607971191406,10.74,10.46,12.49,8.69,1,,,monthly
2025,1.0,,GREIX_NATIONAL,145.84268188476562,13.76,13.39,15.96,11.1,0,28.110326766967773,0.28332385420799255,quarterly
2025,1.0,,GREIX_NATIONAL,114.13990020751953,10.77,10.48,12.49,8.69,1,28.110326766967773,0.28332385420799255,quarterly
2025,2.0,4.0,GREIX_NATIONAL,146.92657470703125,13.790000000000001,13.42,16.03,11.16,0,,,monthly
2025,2.0,4.0,GREIX_NATIONAL,114.10562133789062,10.71,10.42,12.450000000000001,8.66,1,,,monthly
2025,2.0,5.0,GREIX_NATIONAL,147.06393432617188,13.8,13.43,16.04,11.17,0,,,monthly
2025,2.0,5.0,GREIX_NATIONAL,114.1185302734375,10.71,10.42,12.450000000000001,8.66,1,,,monthly
2025,2.0,6.0,GREIX_NATIONAL,148.11436462402344,13.9,13.530000000000001,16.16,11.25,0,,,monthly
2025,2.0,6.0,GREIX_NATIONAL,114.93363952636719,10.790000000000001,10.5,12.540000000000001,8.73,1,,,monthly
2025,2.0,,GREIX_NATIONAL,147.04171752929688,13.88,13.5,16.09,11.19,0,26.266788482666016,0.3023148477077484,quarterly
2025,2.0,,GREIX_NATIONAL,114.13321685791016,10.77,10.48,12.49,8.69,1,26.266788482666016,0.3023148477077484,quarterly
2025,3.0,7.0,GREIX_NATIONAL,147.61463928222656,13.85,13.48,16.1,11.21,0,,,monthly
2025,3.0,7.0,GREIX_NATIONAL,114.1709213256836,10.72,10.43,12.450000000000001,8.67,1,,,monthly
2025,3.0,8.0,GREIX_NATIONAL,147.94468688964844,13.88,13.51,16.14,11.23,0,,,monthly
2025,3.0,8.0,GREIX_NATIONAL,114.33262634277344,10.73,10.44,12.47,8.68,1,,,monthly
2025,3.0,9.0,GREIX_NATIONAL,148.52357482910156,13.94,13.57,16.2,11.28,0,,,monthly
2025,3.0,9.0,GREIX_NATIONAL,114.49911499023438,10.75,10.46,12.49,8.69,1,,,monthly
2025,3.0,,GREIX_NATIONAL,147.7378387451172,13.94,13.56,16.16,11.25,0,25.6875057220459,0.3180924355983734,quarterly
2025,3.0,,GREIX_NATIONAL,114.11125946044922,10.77,10.48,12.49,8.69,1,25.6875057220459,0.3180924355983734,quarterly
2025,4.0,10.0,GREIX_NATIONAL,149.09716796875,13.99,13.620000000000001,16.26,11.32,0,,,monthly
2025,4.0,10.0,GREIX_NATIONAL,114.56749725341797,10.75,10.47,12.5,8.700000000000001,1,,,monthly
2025,4.0,11.0,GREIX_NATIONAL,149.5020294189453,14.030000000000001,13.66,16.31,11.35,0,,,monthly
2025,4.0,11.0,GREIX_NATIONAL,115.15947723388672,10.81,10.52,12.56,8.74,1,,,monthly
2025,4.0,12.0,GREIX_NATIONAL,150.59527587890625,14.13,13.76,16.43,11.43,0,,,monthly
2025,4.0,12.0,GREIX_NATIONAL,116.00157928466797,10.89,10.6,12.65,8.81,1,,,monthly
2025,4.0,,GREIX_NATIONAL,149.3556365966797,14.09,13.71,16.34,11.370000000000001,0,26.046594619750977,0.30909207463264465,quarterly
2025,4.0,,GREIX_NATIONAL,114.95375061035156,10.85,10.55,12.58,8.75,1,26.046594619750977,0.30909207463264465,quarterly
2025,,,GREIX_NATIONAL,147.65165550109978,14.14,13.74,16.47,11.39,0,,,annual
2025,,,GREIX_NATIONAL,114.46002536157478,10.96,10.65,12.76,8.83,1,,,annual
2026,1.0,1.0,GREIX_NATIONAL,150.00082397460938,14.08,13.700000000000001,16.36,11.39,0,,,monthly
2026,1.0,1.0,GREIX_NATIONAL,115.44959259033203,10.84,10.55,12.59,8.77,1,,,monthly
2026,1.0,2.0,GREIX_NATIONAL,150.87181091308594,14.16,13.780000000000001,16.46,11.46,0,,,monthly
2026,1.0,2.0,GREIX_NATIONAL,115.83698272705078,10.870000000000001,10.58,12.64,8.8,1,,,monthly
2026,1.0,3.0,GREIX_NATIONAL,150.91075134277344,14.16,13.790000000000001,16.46,11.46,0,,,monthly
2026,1.0,3.0,GREIX_NATIONAL,114.56398010253906,10.75,10.47,12.5,8.700000000000001,1,,,monthly
2026,1.0,,GREIX_NATIONAL,150.2535400390625,14.18,13.8,16.44,11.44,0,26.69223976135254,0.30209749937057495,quarterly
2026,1.0,,GREIX_NATIONAL,115.02040100097656,10.85,10.56,12.58,8.76,1,26.69223976135254,0.30209749937057495,quarterly
2026,2.0,4.0,GREIX_NATIONAL,151.01983642578125,14.17,13.8,16.47,11.47,0,,,monthly
2026,2.0,4.0,GREIX_NATIONAL,114.00579833984375,10.700000000000001,10.41,12.44,8.66,1,,,monthly
2026,2.0,5.0,GREIX_NATIONAL,152.1949462890625,14.280000000000001,13.9,16.6,11.56,0,,,monthly
2026,2.0,5.0,GREIX_NATIONAL,115.07672119140625,10.8,10.51,12.55,8.74,1,,,monthly
2026,2.0,6.0,GREIX_NATIONAL,152.1988525390625,14.280000000000001,13.9,16.6,11.56,0,,,monthly
2026,2.0,6.0,GREIX_NATIONAL,115.44911193847656,10.84,10.55,12.59,8.77,1,,,monthly
2026,2.0,,GREIX_NATIONAL,151.39076232910156,14.290000000000001,13.9,16.56,11.52,0,27.128015518188477,0.2934607267379761,quarterly
2026,2.0,,GREIX_NATIONAL,114.53045654296875,10.81,10.52,12.530000000000001,8.72,1,27.128015518188477,0.2934607267379761,quarterly
