Segment,Frequency,Year,Quarter,Month,City,TOM_4q,Share_closed_2w_4q
EFH,quarterly,2012,1,,GREIX_NATIONAL,,
EFH,quarterly,2012,2,,GREIX_NATIONAL,,
EFH,quarterly,2012,3,,GREIX_NATIONAL,,
EFH,quarterly,2012,4,,GREIX_NATIONAL,84.33777236938477,0.15583418682217598
EFH,quarterly,2013,1,,GREIX_NATIONAL,94.5769214630127,0.13028476387262344
EFH,quarterly,2013,2,,GREIX_NATIONAL,94.09414863586426,0.14317903853952885
EFH,quarterly,2013,3,,GREIX_NATIONAL,97.71733665466309,0.15296084806323051
EFH,quarterly,2013,4,,GREIX_NATIONAL,99.31036567687988,0.15231827273964882
EFH,quarterly,2014,1,,GREIX_NATIONAL,95.10183334350586,0.15754298120737076
EFH,quarterly,2014,2,,GREIX_NATIONAL,93.37994956970215,0.16335705295205116
EFH,quarterly,2014,3,,GREIX_NATIONAL,90.4240550994873,0.16691400110721588
EFH,quarterly,2014,4,,GREIX_NATIONAL,86.64008712768555,0.1825760155916214
EFH,quarterly,2015,1,,GREIX_NATIONAL,87.77112770080566,0.1879093311727047
EFH,quarterly,2015,2,,GREIX_NATIONAL,89.03619384765625,0.1973455399274826
EFH,quarterly,2015,3,,GREIX_NATIONAL,84.00207328796387,0.2182394452393055
EFH,quarterly,2015,4,,GREIX_NATIONAL,80.44902229309082,0.22227729856967926
EFH,quarterly,2016,1,,GREIX_NATIONAL,77.61375617980957,0.2272377423942089
EFH,quarterly,2016,2,,GREIX_NATIONAL,74.55529403686523,0.23004823923110962
EFH,quarterly,2016,3,,GREIX_NATIONAL,77.11819458007812,0.23044826835393906
EFH,quarterly,2016,4,,GREIX_NATIONAL,77.97241973876953,0.23623937740921974
EFH,quarterly,2017,1,,GREIX_NATIONAL,78.05168151855469,0.23699648305773735
EFH,quarterly,2017,2,,GREIX_NATIONAL,76.47554588317871,0.24344610422849655
EFH,quarterly,2017,3,,GREIX_NATIONAL,75.76105880737305,0.2414177469909191
EFH,quarterly,2017,4,,GREIX_NATIONAL,75.75159072875977,0.24233614653348923
EFH,quarterly,2018,1,,GREIX_NATIONAL,73.08078002929688,0.2518153488636017
EFH,quarterly,2018,2,,GREIX_NATIONAL,73.39453315734863,0.24687916412949562
EFH,quarterly,2018,3,,GREIX_NATIONAL,72.91123008728027,0.2485516145825386
EFH,quarterly,2018,4,,GREIX_NATIONAL,72.53074073791504,0.24555673450231552
EFH,quarterly,2019,1,,GREIX_NATIONAL,75.4314136505127,0.23511198908090591
EFH,quarterly,2019,2,,GREIX_NATIONAL,75.3269157409668,0.2343299463391304
EFH,quarterly,2019,3,,GREIX_NATIONAL,74.9495620727539,0.2344682663679123
EFH,quarterly,2019,4,,GREIX_NATIONAL,74.8792896270752,0.2401380054652691
EFH,quarterly,2020,1,,GREIX_NATIONAL,71.2669734954834,0.2557145915925503
EFH,quarterly,2020,2,,GREIX_NATIONAL,71.95194816589355,0.2634769678115845
EFH,quarterly,2020,3,,GREIX_NATIONAL,71.16250038146973,0.27695321291685104
EFH,quarterly,2020,4,,GREIX_NATIONAL,69.39386749267578,0.2814949154853821
EFH,quarterly,2021,1,,GREIX_NATIONAL,68.48694801330566,0.2889552414417267
EFH,quarterly,2021,2,,GREIX_NATIONAL,62.20122528076172,0.33637622743844986
EFH,quarterly,2021,3,,GREIX_NATIONAL,63.48969650268555,0.33336490392684937
EFH,quarterly,2021,4,,GREIX_NATIONAL,63.384077072143555,0.3339836522936821
EFH,quarterly,2022,1,,GREIX_NATIONAL,62.62717628479004,0.33704739063978195
EFH,quarterly,2022,2,,GREIX_NATIONAL,65.11058712005615,0.29403506219387054
EFH,quarterly,2022,3,,GREIX_NATIONAL,63.55537128448486,0.2671899385750294
EFH,quarterly,2022,4,,GREIX_NATIONAL,66.74979496002197,0.23386360704898834
EFH,quarterly,2023,1,,GREIX_NATIONAL,75.34546947479248,0.18293633311986923
EFH,quarterly,2023,2,,GREIX_NATIONAL,85.04511642456055,0.14731334522366524
EFH,quarterly,2023,3,,GREIX_NATIONAL,91.90327262878418,0.1322142295539379
EFH,quarterly,2023,4,,GREIX_NATIONAL,96.41662216186523,0.12590056844055653
EFH,quarterly,2024,1,,GREIX_NATIONAL,97.72994422912598,0.1284873839467764
EFH,quarterly,2024,2,,GREIX_NATIONAL,101.15017127990723,0.12102832458913326
EFH,quarterly,2024,3,,GREIX_NATIONAL,102.00296974182129,0.11819538101553917
EFH,quarterly,2024,4,,GREIX_NATIONAL,100.23233413696289,0.12687169946730137
EFH,quarterly,2025,1,,GREIX_NATIONAL,98.14426612854004,0.1361581701785326
EFH,quarterly,2025,2,,GREIX_NATIONAL,91.76249122619629,0.15153971500694752
EFH,quarterly,2025,3,,GREIX_NATIONAL,88.82684516906738,0.1623782515525818
EFH,quarterly,2025,4,,GREIX_NATIONAL,89.6864070892334,0.16006119921803474
EFH,quarterly,2026,1,,GREIX_NATIONAL,90.66322898864746,0.15547319129109383
ETW,quarterly,2012,1,,GREIX_NATIONAL,,
ETW,quarterly,2012,2,,GREIX_NATIONAL,,
ETW,quarterly,2012,3,,GREIX_NATIONAL,,
ETW,quarterly,2012,4,,GREIX_NATIONAL,80.78505229949951,0.16674702242016792
ETW,quarterly,2013,1,,GREIX_NATIONAL,92.1042251586914,0.13487151637673378
ETW,quarterly,2013,2,,GREIX_NATIONAL,93.98098945617676,0.1389579139649868
ETW,quarterly,2013,3,,GREIX_NATIONAL,99.62366104125977,0.14587969332933426
ETW,quarterly,2013,4,,GREIX_NATIONAL,101.97042083740234,0.14363020658493042
ETW,quarterly,2014,1,,GREIX_NATIONAL,97.72483253479004,0.15011128410696983
ETW,quarterly,2014,2,,GREIX_NATIONAL,95.20549201965332,0.1577819213271141
ETW,quarterly,2014,3,,GREIX_NATIONAL,91.2480239868164,0.16202907264232635
ETW,quarterly,2014,4,,GREIX_NATIONAL,87.90388107299805,0.1739644967019558
ETW,quarterly,2015,1,,GREIX_NATIONAL,89.33536911010742,0.1810622587800026
ETW,quarterly,2015,2,,GREIX_NATIONAL,89.93961524963379,0.1921716034412384
ETW,quarterly,2015,3,,GREIX_NATIONAL,87.94439506530762,0.19948319345712662
ETW,quarterly,2015,4,,GREIX_NATIONAL,85.78596496582031,0.19974353536963463
ETW,quarterly,2016,1,,GREIX_NATIONAL,85.6520824432373,0.19157173484563828
ETW,quarterly,2016,2,,GREIX_NATIONAL,85.26676559448242,0.18972272798419
ETW,quarterly,2016,3,,GREIX_NATIONAL,86.25494194030762,0.19384148716926575
ETW,quarterly,2016,4,,GREIX_NATIONAL,86.70808410644531,0.1994711197912693
ETW,quarterly,2017,1,,GREIX_NATIONAL,86.32871437072754,0.19891712814569473
ETW,quarterly,2017,2,,GREIX_NATIONAL,83.06264686584473,0.2112148441374302
ETW,quarterly,2017,3,,GREIX_NATIONAL,81.19140243530273,0.22146928310394287
ETW,quarterly,2017,4,,GREIX_NATIONAL,80.22165298461914,0.23053105175495148
ETW,quarterly,2018,1,,GREIX_NATIONAL,77.47579383850098,0.24712464958429337
ETW,quarterly,2018,2,,GREIX_NATIONAL,77.67168235778809,0.2390400432050228
ETW,quarterly,2018,3,,GREIX_NATIONAL,78.46013832092285,0.22990598529577255
ETW,quarterly,2018,4,,GREIX_NATIONAL,78.0893383026123,0.21875128895044327
ETW,quarterly,2019,1,,GREIX_NATIONAL,80.42428970336914,0.20291879400610924
ETW,quarterly,2019,2,,GREIX_NATIONAL,81.51965141296387,0.19892442598938942
ETW,quarterly,2019,3,,GREIX_NATIONAL,81.12074279785156,0.20018348842859268
ETW,quarterly,2019,4,,GREIX_NATIONAL,82.23226928710938,0.200057964771986
ETW,quarterly,2020,1,,GREIX_NATIONAL,79.87860107421875,0.21296805888414383
ETW,quarterly,2020,2,,GREIX_NATIONAL,81.08600616455078,0.21582698449492455
ETW,quarterly,2020,3,,GREIX_NATIONAL,81.84789276123047,0.22071121260523796
ETW,quarterly,2020,4,,GREIX_NATIONAL,80.47118186950684,0.2257816195487976
ETW,quarterly,2021,1,,GREIX_NATIONAL,80.11414909362793,0.23163504153490067
ETW,quarterly,2021,2,,GREIX_NATIONAL,75.60419273376465,0.2630273140966892
ETW,quarterly,2021,3,,GREIX_NATIONAL,77.83939170837402,0.255810409784317
ETW,quarterly,2021,4,,GREIX_NATIONAL,79.77644729614258,0.24972830340266228
ETW,quarterly,2022,1,,GREIX_NATIONAL,79.37400817871094,0.24601150676608086
ETW,quarterly,2022,2,,GREIX_NATIONAL,80.5998363494873,0.21554585546255112
ETW,quarterly,2022,3,,GREIX_NATIONAL,76.13748550415039,0.2069353498518467
ETW,quarterly,2022,4,,GREIX_NATIONAL,75.73636054992676,0.191202312707901
ETW,quarterly,2023,1,,GREIX_NATIONAL,82.52242279052734,0.15757732465863228
ETW,quarterly,2023,2,,GREIX_NATIONAL,90.01886367797852,0.13409240171313286
ETW,quarterly,2023,3,,GREIX_NATIONAL,95.598388671875,0.12323758378624916
ETW,quarterly,2023,4,,GREIX_NATIONAL,99.26731872558594,0.11846287548542023
ETW,quarterly,2024,1,,GREIX_NATIONAL,103.04928016662598,0.11136971227824688
ETW,quarterly,2024,2,,GREIX_NATIONAL,112.16344833374023,0.10317878983914852
ETW,quarterly,2024,3,,GREIX_NATIONAL,117.2356014251709,0.09866402670741081
ETW,quarterly,2024,4,,GREIX_NATIONAL,116.27176094055176,0.1039954200387001
ETW,quarterly,2025,1,,GREIX_NATIONAL,109.44458961486816,0.12426893971860409
ETW,quarterly,2025,2,,GREIX_NATIONAL,96.50671577453613,0.14234199188649654
ETW,quarterly,2025,3,,GREIX_NATIONAL,89.71995735168457,0.153733991086483
ETW,quarterly,2025,4,,GREIX_NATIONAL,89.37240219116211,0.15364810451865196
ETW,quarterly,2026,1,,GREIX_NATIONAL,90.2841739654541,0.15095240622758865
